Container Number,Size,Tare (kg),Terminal,Region,Type,Available From,Available To,Price (KRW),Remarks
CMAU7614017,40HQ,4000,KIT,광양,내항,2024-06-05,2024-06-10,40000,전화 요망
HMMU6205213,20FT,2200,JUCT,울산,내항,2024-06-04,2024-06-08,45000,빠른 픽업 가능
MAEU4175250,40FT,4000,BCT,부산,외항,2024-06-03,2024-06-08,42000,전화 요망
MSCU7519943,20FT,2300,PNC,부산,외항,2024-06-02,2024-06-06,45000,빠른 픽업 가능
MAEU2429222,40FT,3800,DGT,부산,외항,2024-06-06,2024-06-11,40000,전화 요망
TCLU6252476,40HQ,4000,PCTC,평택,내항,2024-06-07,2024-06-11,47000,빠른 픽업 가능
FSCU4846599,40HQ,3800,KIT,광양,내항,2024-06-02,2024-06-07,50000,전화 요망
FSCU8232736,40HQ,4200,DGT,부산,외항,2024-06-06,2024-06-11,50000,확정 이후 연락
OOLU4680210,40HQ,3900,IGCT,군산,내항,2024-06-01,2024-06-06,42000,확정 이후 연락
TRIU2261708,20FT,2400,HBCT,부산,내항,2024-06-05,2024-06-08,40000,빠른 픽업 가능
YMLU5315527,40HQ,4100,PNIT,부산,외항,2024-06-06,2024-06-11,40000,빠른 픽업 가능
ONEU7032216,40HQ,4100,PNC,부산,외항,2024-06-01,2024-06-05,45000,전화 요망
HMMU1822657,40FT,3800,BPTS,부산,내항,2024-06-06,2024-06-11,50000,빠른 픽업 가능
YMLU4961838,40HQ,3900,IGCT,군산,내항,2024-06-07,2024-06-10,45000,확정 이후 연락
MAEU4484708,40FT,3900,PCTC,평택,내항,2024-06-04,2024-06-09,47000,확정 이후 연락
OOLU2822761,40HQ,4100,TOC,부산,내항,2024-06-06,2024-06-11,42000,확정 이후 연락
MSCU6006751,40FT,3600,PCTC,평택,내항,2024-06-01,2024-06-06,40000,확정 이후 연락
MAEU9002496,20FT,2400,PNIT,부산,외항,2024-06-03,2024-06-08,42000,전화 요망
ONEU5173350,40FT,3600,JUCT,울산,내항,2024-06-04,2024-06-08,50000,확정 이후 연락
TCLU7069564,40FT,3800,DGT,부산,외항,2024-06-03,2024-06-06,47000,전화 요망
ONEU3232530,40FT,3900,DGT,부산,외항,2024-06-03,2024-06-06,40000,전화 요망
ONEU4178599,40FT,4000,BCT,부산,외항,2024-06-05,2024-06-08,50000,확정 이후 연락
HMMU5594021,20FT,2500,SNCT,인천,외항,2024-06-04,2024-06-09,45000,빠른 픽업 가능
TCLU6133932,40HQ,3800,IFT,인천,내항,2024-06-04,2024-06-08,42000,확정 이후 연락
TCLU5534037,20FT,2200,BNCT,부산,외항,2024-06-01,2024-06-06,45000,확정 이후 연락
OOLU2484130,40FT,3900,PNIT,부산,외항,2024-06-07,2024-06-12,45000,전화 요망
EMCU4062652,20FT,2300,E1CT,인천,내항,2024-06-06,2024-06-11,45000,전화 요망
OOLU8698141,40FT,3800,GWCT,광양,내항,2024-06-02,2024-06-06,47000,전화 요망
MAEU1670995,40FT,3900,IGCT,군산,내항,2024-06-02,2024-06-05,42000,전화 요망
OOLU2392369,40FT,3600,BCT,부산,외항,2024-06-07,2024-06-12,47000,빠른 픽업 가능
ONEU5598549,40HQ,4000,PNIT,부산,외항,2024-06-07,2024-06-12,40000,빠른 픽업 가능
TCLU4102796,40HQ,4100,IFT,인천,내항,2024-06-03,2024-06-06,45000,전화 요망
HMMU9590462,40FT,3600,HBCT,부산,내항,2024-06-01,2024-06-06,50000,빠른 픽업 가능
TCLU5233483,20FT,2400,BPTG,부산,내항,2024-06-06,2024-06-10,47000,전화 요망
HMMU5070530,20FT,2500,BNCT,부산,외항,2024-06-03,2024-06-08,45000,확정 이후 연락
TCLU9395140,20FT,2500,HJIT,인천,외항,2024-06-03,2024-06-06,45000,확정 이후 연락
ONEU3267796,40FT,4000,IGCT,군산,내항,2024-06-07,2024-06-10,47000,전화 요망
MSCU6852182,20FT,2100,BPTG,부산,내항,2024-06-06,2024-06-10,42000,빠른 픽업 가능
MSCU9796065,40HQ,3900,PNCT,평택,내항,2024-06-03,2024-06-08,50000,전화 요망
TRIU8733270,20FT,2200,ICT,인천,내항,2024-06-02,2024-06-07,50000,빠른 픽업 가능
TCLU6654003,40HQ,3800,IGCT,군산,내항,2024-06-02,2024-06-05,47000,전화 요망
CMAU2527533,20FT,2500,BPTG,부산,내항,2024-06-04,2024-06-07,40000,빠른 픽업 가능
MSCU5777428,40HQ,4100,PNCT,평택,내항,2024-06-04,2024-06-08,45000,빠른 픽업 가능
EMCU8769723,20FT,2300,E1CT,인천,내항,2024-06-07,2024-06-10,42000,빠른 픽업 가능
ONEU9624921,40FT,4000,PNC,부산,외항,2024-06-04,2024-06-08,50000,확정 이후 연락
ONEU9158037,40FT,3900,TOC,부산,내항,2024-06-07,2024-06-10,45000,전화 요망
YMLU9486130,20FT,2100,ICT,인천,내항,2024-06-06,2024-06-09,47000,전화 요망
FSCU5539288,20FT,2100,DGT,부산,외항,2024-06-05,2024-06-10,50000,전화 요망
TRIU7891304,40HQ,3800,PCTC,평택,내항,2024-06-07,2024-06-10,47000,빠른 픽업 가능
CMAU6417540,20FT,2400,BCT,부산,외항,2024-06-04,2024-06-08,42000,확정 이후 연락
CMAU8622171,40HQ,4200,PNIT,부산,외항,2024-06-04,2024-06-09,50000,빠른 픽업 가능
MSCU3084674,40FT,3600,UNCT,울산,내항,2024-06-01,2024-06-05,45000,확정 이후 연락
FSCU4345234,20FT,2300,HBCT,부산,내항,2024-06-01,2024-06-06,50000,확정 이후 연락
YMLU1705759,20FT,2400,KIT,광양,내항,2024-06-06,2024-06-11,42000,빠른 픽업 가능
MSCU5918415,20FT,2400,UNCT,울산,내항,2024-06-03,2024-06-06,42000,빠른 픽업 가능
MSCU2373816,40FT,3600,DGT,부산,외항,2024-06-03,2024-06-08,47000,전화 요망
TRIU8532406,40FT,4000,PNCT,평택,내항,2024-06-05,2024-06-08,47000,전화 요망
ONEU9363226,20FT,2200,BPTG,부산,내항,2024-06-01,2024-06-06,50000,확정 이후 연락
ONEU7927192,40FT,3800,E1CT,인천,내항,2024-06-03,2024-06-06,50000,빠른 픽업 가능
TCLU4876199,40HQ,3900,PCTC,평택,내항,2024-06-05,2024-06-10,50000,전화 요망
TRIU6070375,40FT,3800,BNCT,부산,외항,2024-06-04,2024-06-08,45000,확정 이후 연락
EMCU2955473,20FT,2200,BNCT,부산,외항,2024-06-01,2024-06-06,42000,전화 요망
MAEU6321678,40HQ,4000,IFT,인천,내항,2024-06-02,2024-06-05,47000,빠른 픽업 가능
EMCU6824184,40HQ,4200,E1CT,인천,내항,2024-06-03,2024-06-08,50000,전화 요망
FSCU6074021,40FT,3600,BPTG,부산,내항,2024-06-02,2024-06-05,42000,확정 이후 연락
ONEU4357844,20FT,2200,JUCT,울산,내항,2024-06-05,2024-06-09,40000,전화 요망
CMAU1699237,40FT,3900,GWCT,광양,내항,2024-06-06,2024-06-10,50000,전화 요망
EMCU2664433,40FT,3800,PCTC,평택,내항,2024-06-07,2024-06-10,50000,전화 요망
TCLU9567174,40HQ,3900,KIT,광양,내항,2024-06-06,2024-06-11,50000,전화 요망
CMAU7337369,40FT,4000,E1CT,인천,내항,2024-06-02,2024-06-06,45000,빠른 픽업 가능
MSCU2732124,20FT,2400,BCT,부산,외항,2024-06-07,2024-06-10,42000,전화 요망
ONEU7107938,20FT,2400,IGCT,군산,내항,2024-06-04,2024-06-07,42000,빠른 픽업 가능
ONEU6830234,40HQ,3900,JUCT,울산,내항,2024-06-03,2024-06-07,50000,전화 요망
HMMU5862591,40HQ,4200,BNCT,부산,외항,2024-06-05,2024-06-10,42000,전화 요망
TRIU4982643,20FT,2300,KIT,광양,내항,2024-06-05,2024-06-08,42000,확정 이후 연락
HMMU4613523,20FT,2400,E1CT,인천,내항,2024-06-02,2024-06-06,47000,빠른 픽업 가능
OOLU9310337,20FT,2300,BPTS,부산,내항,2024-06-02,2024-06-05,45000,전화 요망
YMLU1289176,20FT,2100,BCT,부산,외항,2024-06-07,2024-06-10,42000,확정 이후 연락
MAEU9191751,20FT,2200,IFT,인천,내항,2024-06-06,2024-06-09,45000,전화 요망
EMCU9911264,20FT,2400,BNCT,부산,외항,2024-06-02,2024-06-07,47000,전화 요망
MSCU2628213,40HQ,4000,IGCT,군산,내항,2024-06-06,2024-06-11,47000,빠른 픽업 가능
FSCU8257977,20FT,2300,JUCT,울산,내항,2024-06-05,2024-06-08,47000,확정 이후 연락
EMCU5529455,20FT,2400,BPTS,부산,내항,2024-06-04,2024-06-08,40000,전화 요망
EMCU5497327,20FT,2400,PNCT,평택,내항,2024-06-07,2024-06-12,45000,확정 이후 연락
TCLU2341911,40FT,3800,KIT,광양,내항,2024-06-01,2024-06-05,47000,확정 이후 연락
FSCU7376189,40FT,3600,BCT,부산,외항,2024-06-06,2024-06-10,45000,빠른 픽업 가능
TCLU5328240,40HQ,3800,GWCT,광양,내항,2024-06-04,2024-06-07,40000,빠른 픽업 가능
ONEU8016102,20FT,2200,HBCT,부산,내항,2024-06-03,2024-06-06,47000,전화 요망
CMAU6549899,40HQ,4200,SNCT,인천,외항,2024-06-03,2024-06-06,40000,빠른 픽업 가능
MSCU1642301,20FT,2500,BPTS,부산,내항,2024-06-01,2024-06-06,47000,전화 요망
EMCU9761943,20FT,2300,UNCT,울산,내항,2024-06-02,2024-06-06,47000,전화 요망
CMAU1070933,40FT,3600,HBCT,부산,내항,2024-06-02,2024-06-06,40000,빠른 픽업 가능
MAEU3881161,20FT,2400,TOC,부산,내항,2024-06-04,2024-06-07,50000,확정 이후 연락
MSCU6887133,40HQ,3800,PNC,부산,외항,2024-06-03,2024-06-08,40000,전화 요망
EMCU5865111,40FT,3800,DGT,부산,외항,2024-06-06,2024-06-11,45000,전화 요망
OOLU3371930,40HQ,3900,HBCT,부산,내항,2024-06-04,2024-06-08,47000,빠른 픽업 가능
CMAU3570895,40HQ,3800,TOC,부산,내항,2024-06-04,2024-06-09,45000,확정 이후 연락
CMAU9561086,20FT,2500,JUCT,울산,내항,2024-06-01,2024-06-04,40000,확정 이후 연락
EMCU3558869,40HQ,4200,HJIT,인천,외항,2024-06-05,2024-06-10,45000,확정 이후 연락
EMCU7266329,20FT,2100,SNCT,인천,외항,2024-06-04,2024-06-07,47000,전화 요망
CMAU5661019,40FT,3900,BNCT,부산,외항,2024-06-01,2024-06-06,45000,전화 요망
YMLU8379707,20FT,2200,BPTS,부산,내항,2024-06-07,2024-06-12,50000,전화 요망
MSCU9414155,20FT,2500,PNIT,부산,외항,2024-06-03,2024-06-07,42000,빠른 픽업 가능
CMAU2529661,40FT,3700,BCT,부산,외항,2024-06-03,2024-06-06,45000,빠른 픽업 가능
HMMU7220140,40FT,3900,IGCT,군산,내항,2024-06-05,2024-06-10,45000,확정 이후 연락
YMLU1227696,20FT,2400,IGCT,군산,내항,2024-06-02,2024-06-07,47000,빠른 픽업 가능
ONEU2712086,40HQ,3800,ICT,인천,내항,2024-06-05,2024-06-09,42000,전화 요망
OOLU1472092,40FT,3800,E1CT,인천,내항,2024-06-01,2024-06-05,40000,확정 이후 연락
EMCU8843766,40FT,4000,BPTS,부산,내항,2024-06-07,2024-06-10,42000,빠른 픽업 가능
CMAU8412573,40HQ,4200,TOC,부산,내항,2024-06-05,2024-06-10,45000,확정 이후 연락
TRIU8168993,20FT,2300,PNC,부산,외항,2024-06-07,2024-06-10,47000,확정 이후 연락
HMMU4315309,40FT,4000,GWCT,광양,내항,2024-06-04,2024-06-07,50000,전화 요망
ONEU5015397,40HQ,3800,ICT,인천,내항,2024-06-05,2024-06-10,45000,빠른 픽업 가능
MAEU5543912,40HQ,4000,IGCT,군산,내항,2024-06-06,2024-06-10,40000,전화 요망
TRIU8233514,40FT,3800,BPTS,부산,내항,2024-06-01,2024-06-05,45000,확정 이후 연락
CMAU9053851,40FT,3600,PNIT,부산,외항,2024-06-02,2024-06-07,50000,확정 이후 연락
TRIU8527654,20FT,2400,PNIT,부산,외항,2024-06-03,2024-06-07,40000,확정 이후 연락
YMLU9111655,40HQ,4000,BNCT,부산,외항,2024-06-02,2024-06-06,47000,전화 요망
OOLU9587557,20FT,2100,BCT,부산,외항,2024-06-06,2024-06-10,40000,확정 이후 연락
HMMU6079491,40HQ,4000,BNCT,부산,외항,2024-06-05,2024-06-10,50000,확정 이후 연락
EMCU3666113,40FT,4000,BCT,부산,외항,2024-06-03,2024-06-06,45000,전화 요망
MSCU8702665,40HQ,3800,PNC,부산,외항,2024-06-02,2024-06-05,40000,확정 이후 연락
MAEU2309213,20FT,2100,BPTG,부산,내항,2024-06-01,2024-06-06,47000,확정 이후 연락
TCLU4395489,20FT,2500,BNCT,부산,외항,2024-06-05,2024-06-08,50000,빠른 픽업 가능
HMMU6717472,20FT,2300,BPTS,부산,내항,2024-06-04,2024-06-07,45000,빠른 픽업 가능
EMCU2179051,40FT,3800,DGT,부산,외항,2024-06-03,2024-06-06,40000,빠른 픽업 가능
FSCU8719319,20FT,2200,E1CT,인천,내항,2024-06-05,2024-06-09,45000,전화 요망
EMCU1010529,40HQ,4000,JUCT,울산,내항,2024-06-01,2024-06-04,45000,빠른 픽업 가능
OOLU7434348,20FT,2300,HBCT,부산,내항,2024-06-04,2024-06-09,50000,확정 이후 연락
YMLU2001606,40HQ,4000,PNIT,부산,외항,2024-06-04,2024-06-09,47000,빠른 픽업 가능
TRIU4994553,40FT,3900,BCT,부산,외항,2024-06-07,2024-06-10,40000,빠른 픽업 가능
TRIU8420294,40HQ,3800,PCTC,평택,내항,2024-06-02,2024-06-05,47000,확정 이후 연락
YMLU8508402,40HQ,4200,BNCT,부산,외항,2024-06-04,2024-06-08,40000,빠른 픽업 가능
TRIU2574615,40FT,3700,PNIT,부산,외항,2024-06-03,2024-06-08,50000,전화 요망
HMMU2053139,40HQ,4000,E1CT,인천,내항,2024-06-01,2024-06-04,40000,빠른 픽업 가능
CMAU7345985,40HQ,3900,BCT,부산,외항,2024-06-07,2024-06-10,42000,빠른 픽업 가능
EMCU3881487,40FT,3600,JUCT,울산,내항,2024-06-07,2024-06-12,47000,전화 요망
FSCU7744589,40HQ,4100,IGCT,군산,내항,2024-06-06,2024-06-11,47000,빠른 픽업 가능
YMLU1229915,40FT,3800,HBCT,부산,내항,2024-06-04,2024-06-08,40000,빠른 픽업 가능
FSCU1724161,40FT,3900,PNIT,부산,외항,2024-06-02,2024-06-05,47000,전화 요망
CMAU8659497,40HQ,4200,IGCT,군산,내항,2024-06-02,2024-06-05,50000,확정 이후 연락
TCLU1777189,40HQ,4000,UNCT,울산,내항,2024-06-05,2024-06-10,40000,확정 이후 연락
CMAU8041599,20FT,2400,GWCT,광양,내항,2024-06-02,2024-06-05,50000,빠른 픽업 가능
FSCU8792435,40HQ,4200,PNC,부산,외항,2024-06-02,2024-06-07,45000,빠른 픽업 가능
FSCU8164474,20FT,2200,IGCT,군산,내항,2024-06-06,2024-06-10,50000,빠른 픽업 가능
OOLU9312687,40FT,3700,GWCT,광양,내항,2024-06-04,2024-06-09,50000,전화 요망
OOLU9778976,20FT,2200,UNCT,울산,내항,2024-06-02,2024-06-07,40000,빠른 픽업 가능
MSCU2993977,40HQ,3900,PCTC,평택,내항,2024-06-05,2024-06-10,45000,전화 요망
MAEU5018656,40FT,4000,E1CT,인천,내항,2024-06-01,2024-06-06,47000,전화 요망
MSCU4347593,40HQ,4000,IGCT,군산,내항,2024-06-04,2024-06-07,42000,확정 이후 연락
TRIU1561275,40HQ,3800,DGT,부산,외항,2024-06-05,2024-06-10,50000,전화 요망
TRIU9670035,40FT,3900,PNC,부산,외항,2024-06-04,2024-06-09,42000,빠른 픽업 가능
CMAU9252297,20FT,2500,PNC,부산,외항,2024-06-04,2024-06-08,47000,빠른 픽업 가능
EMCU6801743,20FT,2200,UNCT,울산,내항,2024-06-03,2024-06-06,50000,전화 요망
TRIU3455659,40HQ,4200,GWCT,광양,내항,2024-06-03,2024-06-06,47000,전화 요망
TRIU2051331,40HQ,4100,PNIT,부산,외항,2024-06-06,2024-06-09,50000,전화 요망
YMLU9712286,40FT,3600,DGT,부산,외항,2024-06-05,2024-06-09,47000,확정 이후 연락
EMCU8490238,20FT,2500,JUCT,울산,내항,2024-06-07,2024-06-12,40000,확정 이후 연락
ONEU7893940,40FT,3700,GWCT,광양,내항,2024-06-05,2024-06-10,47000,전화 요망
OOLU8860996,20FT,2200,BCT,부산,외항,2024-06-03,2024-06-08,45000,빠른 픽업 가능
YMLU8163896,40HQ,4200,IFT,인천,내항,2024-06-04,2024-06-07,42000,확정 이후 연락
EMCU8178689,20FT,2300,BCT,부산,외항,2024-06-07,2024-06-11,40000,빠른 픽업 가능
TRIU9872046,40HQ,3900,GWCT,광양,내항,2024-06-02,2024-06-05,45000,빠른 픽업 가능
YMLU2891234,40HQ,4200,SNCT,인천,외항,2024-06-06,2024-06-09,50000,확정 이후 연락
MAEU8890645,20FT,2200,PCTC,평택,내항,2024-06-05,2024-06-08,47000,빠른 픽업 가능
MAEU5212621,40FT,4000,BPTS,부산,내항,2024-06-03,2024-06-08,45000,빠른 픽업 가능
TCLU3158190,40HQ,4100,DGT,부산,외항,2024-06-02,2024-06-07,40000,전화 요망
ONEU8149208,40FT,3600,PNC,부산,외항,2024-06-07,2024-06-11,47000,빠른 픽업 가능
MSCU6868124,40HQ,3800,HBCT,부산,내항,2024-06-04,2024-06-07,40000,확정 이후 연락
TCLU6489888,20FT,2500,BNCT,부산,외항,2024-06-07,2024-06-10,42000,빠른 픽업 가능
FSCU9712136,40FT,3600,IFT,인천,내항,2024-06-02,2024-06-07,50000,확정 이후 연락
FSCU8352320,40FT,4000,JUCT,울산,내항,2024-06-02,2024-06-05,50000,확정 이후 연락
MSCU1040315,40FT,3900,BNCT,부산,외항,2024-06-07,2024-06-12,42000,확정 이후 연락
HMMU4702977,40HQ,3800,ICT,인천,내항,2024-06-01,2024-06-05,40000,전화 요망
MSCU8251946,40FT,3800,BPTS,부산,내항,2024-06-03,2024-06-06,45000,확정 이후 연락
MSCU6298474,40FT,3800,DGT,부산,외항,2024-06-06,2024-06-11,45000,전화 요망
EMCU1864404,40FT,3600,BNCT,부산,외항,2024-06-01,2024-06-04,47000,전화 요망
HMMU2254605,20FT,2200,GWCT,광양,내항,2024-06-04,2024-06-09,40000,전화 요망
MSCU1413348,40FT,3800,PNC,부산,외항,2024-06-03,2024-06-07,47000,빠른 픽업 가능
ONEU5466933,40FT,3700,HJIT,인천,외항,2024-06-06,2024-06-10,45000,확정 이후 연락
ONEU5483042,20FT,2300,PNCT,평택,내항,2024-06-04,2024-06-08,47000,확정 이후 연락
CMAU9835634,40FT,4000,IFT,인천,내항,2024-06-03,2024-06-06,40000,확정 이후 연락
MAEU1132262,40FT,3700,HBCT,부산,내항,2024-06-05,2024-06-10,42000,빠른 픽업 가능
YMLU3234946,40FT,3900,BNCT,부산,외항,2024-06-01,2024-06-06,50000,확정 이후 연락
TCLU5577421,40FT,3900,IGCT,군산,내항,2024-06-05,2024-06-09,50000,전화 요망
EMCU2961777,40FT,3600,HBCT,부산,내항,2024-06-04,2024-06-09,40000,빠른 픽업 가능
OOLU9279861,20FT,2200,TOC,부산,내항,2024-06-02,2024-06-06,42000,빠른 픽업 가능
YMLU7433412,40FT,3600,PNIT,부산,외항,2024-06-02,2024-06-05,40000,확정 이후 연락
FSCU6228408,40HQ,3800,SNCT,인천,외항,2024-06-07,2024-06-10,47000,빠른 픽업 가능
TRIU5196858,40HQ,3800,E1CT,인천,내항,2024-06-01,2024-06-06,40000,빠른 픽업 가능
EMCU5534259,40HQ,4000,BPTS,부산,내항,2024-06-07,2024-06-11,47000,전화 요망
EMCU2454891,40FT,3600,PNC,부산,외항,2024-06-01,2024-06-04,47000,전화 요망
FSCU5194308,20FT,2400,BCT,부산,외항,2024-06-04,2024-06-08,40000,확정 이후 연락
YMLU2899021,40HQ,3900,BNCT,부산,외항,2024-06-02,2024-06-05,42000,전화 요망
ONEU7837669,40FT,3600,IFT,인천,내항,2024-06-01,2024-06-05,42000,빠른 픽업 가능
FSCU9121237,40FT,4000,ICT,인천,내항,2024-06-05,2024-06-10,50000,확정 이후 연락
TRIU3960187,20FT,2100,PCTC,평택,내항,2024-06-03,2024-06-07,42000,전화 요망
MAEU4545455,40HQ,3800,HBCT,부산,내항,2024-06-07,2024-06-10,45000,확정 이후 연락
FSCU8684857,40HQ,3900,DGT,부산,외항,2024-06-06,2024-06-09,40000,전화 요망
MAEU5704237,20FT,2400,HJIT,인천,외항,2024-06-03,2024-06-06,45000,확정 이후 연락
EMCU9064261,40FT,3700,BCT,부산,외항,2024-06-01,2024-06-04,42000,빠른 픽업 가능
CMAU8106891,20FT,2400,ICT,인천,내항,2024-06-06,2024-06-11,45000,전화 요망
FSCU2026705,40FT,3700,BPTS,부산,내항,2024-06-03,2024-06-07,40000,전화 요망
OOLU8026097,40HQ,4100,JUCT,울산,내항,2024-06-04,2024-06-09,45000,빠른 픽업 가능
ONEU3656306,40HQ,4200,BPTG,부산,내항,2024-06-07,2024-06-12,50000,빠른 픽업 가능
FSCU5339414,40FT,3800,PCTC,평택,내항,2024-06-05,2024-06-09,50000,전화 요망
MAEU1465231,40HQ,4200,PNIT,부산,외항,2024-06-07,2024-06-12,40000,빠른 픽업 가능
TCLU8382183,40HQ,4100,E1CT,인천,내항,2024-06-01,2024-06-06,42000,빠른 픽업 가능
FSCU9906980,40FT,3800,ICT,인천,내항,2024-06-05,2024-06-09,42000,전화 요망
TCLU1844663,40HQ,3800,UNCT,울산,내항,2024-06-03,2024-06-07,42000,전화 요망
EMCU9121418,40FT,3700,DGT,부산,외항,2024-06-04,2024-06-08,47000,확정 이후 연락
MAEU6515212,40HQ,4000,IFT,인천,내항,2024-06-05,2024-06-09,45000,확정 이후 연락
HMMU6773721,40HQ,3800,BPTG,부산,내항,2024-06-01,2024-06-05,47000,전화 요망
ONEU1802958,40FT,3600,BPTG,부산,내항,2024-06-06,2024-06-11,47000,빠른 픽업 가능
FSCU5330508,40HQ,3900,TOC,부산,내항,2024-06-03,2024-06-06,45000,빠른 픽업 가능
TCLU9681567,40HQ,4200,HJIT,인천,외항,2024-06-07,2024-06-11,47000,전화 요망
CMAU9890107,40HQ,4200,HBCT,부산,내항,2024-06-01,2024-06-04,50000,전화 요망
TRIU1519383,20FT,2200,DGT,부산,외항,2024-06-02,2024-06-06,50000,전화 요망
EMCU2429492,20FT,2500,BPTS,부산,내항,2024-06-04,2024-06-09,47000,전화 요망
EMCU1781769,40HQ,4200,HJIT,인천,외항,2024-06-03,2024-06-07,45000,전화 요망
EMCU1300437,20FT,2300,GWCT,광양,내항,2024-06-03,2024-06-06,40000,빠른 픽업 가능
OOLU8542507,20FT,2100,DGT,부산,외항,2024-06-03,2024-06-06,42000,빠른 픽업 가능
HMMU7064317,40FT,3800,UNCT,울산,내항,2024-06-03,2024-06-08,45000,확정 이후 연락
FSCU3517397,40HQ,4200,PNCT,평택,내항,2024-06-06,2024-06-09,47000,전화 요망
ONEU3319365,40FT,3600,IGCT,군산,내항,2024-06-01,2024-06-05,40000,빠른 픽업 가능
TCLU7362133,40HQ,4200,JUCT,울산,내항,2024-06-01,2024-06-06,45000,전화 요망
TRIU1427505,40HQ,4100,BNCT,부산,외항,2024-06-07,2024-06-10,42000,빠른 픽업 가능
EMCU6026390,40HQ,3800,HJIT,인천,외항,2024-06-05,2024-06-10,42000,전화 요망
MAEU8718926,40FT,4000,BPTG,부산,내항,2024-06-05,2024-06-10,50000,확정 이후 연락
YMLU3721450,20FT,2400,E1CT,인천,내항,2024-06-01,2024-06-05,40000,확정 이후 연락
YMLU1946242,40FT,3600,SNCT,인천,외항,2024-06-05,2024-06-10,45000,전화 요망
OOLU5639627,20FT,2400,DGT,부산,외항,2024-06-05,2024-06-08,42000,확정 이후 연락
MAEU3676906,40FT,4000,HJIT,인천,외항,2024-06-05,2024-06-08,40000,빠른 픽업 가능
EMCU2167113,40HQ,4000,PCTC,평택,내항,2024-06-02,2024-06-05,47000,빠른 픽업 가능
CMAU8240643,40HQ,4000,PCTC,평택,내항,2024-06-01,2024-06-04,50000,확정 이후 연락
MAEU2392944,20FT,2300,PNC,부산,외항,2024-06-01,2024-06-04,42000,확정 이후 연락
CMAU7616707,40HQ,3900,PNCT,평택,내항,2024-06-02,2024-06-05,42000,빠른 픽업 가능
TRIU6871438,40FT,3900,BCT,부산,외항,2024-06-07,2024-06-11,42000,빠른 픽업 가능
TRIU6527056,40FT,3800,JUCT,울산,내항,2024-06-07,2024-06-10,42000,빠른 픽업 가능
ONEU4910431,40FT,4000,BPTS,부산,내항,2024-06-06,2024-06-11,42000,빠른 픽업 가능
YMLU1401913,40FT,3900,UNCT,울산,내항,2024-06-02,2024-06-05,42000,확정 이후 연락
CMAU9456627,40HQ,3900,BNCT,부산,외항,2024-06-02,2024-06-07,40000,빠른 픽업 가능
CMAU8188494,20FT,2100,KIT,광양,내항,2024-06-01,2024-06-05,47000,전화 요망
EMCU3522717,40HQ,4000,TOC,부산,내항,2024-06-03,2024-06-08,50000,확정 이후 연락
OOLU7518204,20FT,2400,KIT,광양,내항,2024-06-07,2024-06-12,40000,확정 이후 연락
TCLU4353169,40FT,3900,PNIT,부산,외항,2024-06-04,2024-06-07,45000,전화 요망
TCLU1198804,20FT,2400,ICT,인천,내항,2024-06-05,2024-06-09,42000,확정 이후 연락
ONEU3938007,20FT,2200,TOC,부산,내항,2024-06-06,2024-06-11,47000,확정 이후 연락
EMCU2916908,40HQ,4100,HJIT,인천,외항,2024-06-07,2024-06-10,42000,빠른 픽업 가능
TCLU9257288,20FT,2500,HJIT,인천,외항,2024-06-07,2024-06-10,50000,확정 이후 연락
OOLU1213184,40FT,3900,PNCT,평택,내항,2024-06-01,2024-06-04,45000,확정 이후 연락
FSCU6328958,40FT,3900,PCTC,평택,내항,2024-06-02,2024-06-06,45000,빠른 픽업 가능
TRIU9427952,20FT,2400,ICT,인천,내항,2024-06-05,2024-06-09,45000,전화 요망
OOLU6384583,20FT,2300,GWCT,광양,내항,2024-06-05,2024-06-08,50000,빠른 픽업 가능
CMAU3083479,20FT,2500,IGCT,군산,내항,2024-06-07,2024-06-11,47000,빠른 픽업 가능
EMCU8894022,40HQ,4200,BNCT,부산,외항,2024-06-07,2024-06-10,47000,전화 요망
MAEU3574274,40FT,4000,PCTC,평택,내항,2024-06-05,2024-06-08,50000,확정 이후 연락
TCLU6544018,40HQ,3900,PNCT,평택,내항,2024-06-04,2024-06-07,40000,전화 요망
MAEU2697270,20FT,2300,HBCT,부산,내항,2024-06-03,2024-06-06,40000,전화 요망
FSCU4151206,40FT,4000,HBCT,부산,내항,2024-06-02,2024-06-06,45000,빠른 픽업 가능
MAEU2839659,20FT,2300,PNIT,부산,외항,2024-06-03,2024-06-06,40000,빠른 픽업 가능
TCLU2333024,20FT,2100,SNCT,인천,외항,2024-06-03,2024-06-08,47000,확정 이후 연락
MSCU9690457,20FT,2100,TOC,부산,내항,2024-06-07,2024-06-11,40000,전화 요망
HMMU7664651,40FT,3800,DGT,부산,외항,2024-06-07,2024-06-12,50000,전화 요망
YMLU2840992,40HQ,4000,DGT,부산,외항,2024-06-07,2024-06-11,40000,확정 이후 연락
OOLU5975087,20FT,2400,HJIT,인천,외항,2024-06-05,2024-06-09,42000,빠른 픽업 가능
HMMU1244183,20FT,2500,KIT,광양,내항,2024-06-03,2024-06-06,40000,확정 이후 연락
TCLU7689672,20FT,2400,PNIT,부산,외항,2024-06-07,2024-06-12,40000,확정 이후 연락
FSCU3151156,20FT,2300,PNIT,부산,외항,2024-06-07,2024-06-10,50000,확정 이후 연락
MSCU4509492,20FT,2200,SNCT,인천,외항,2024-06-01,2024-06-06,50000,확정 이후 연락
TCLU8608241,20FT,2300,BPTS,부산,내항,2024-06-03,2024-06-08,50000,빠른 픽업 가능
MAEU2233830,20FT,2300,PNCT,평택,내항,2024-06-04,2024-06-07,40000,빠른 픽업 가능
MAEU2414072,20FT,2100,BNCT,부산,외항,2024-06-03,2024-06-08,50000,빠른 픽업 가능
TRIU5832184,40HQ,4200,PCTC,평택,내항,2024-06-04,2024-06-09,40000,확정 이후 연락
EMCU9936831,20FT,2300,PNCT,평택,내항,2024-06-04,2024-06-09,47000,전화 요망
OOLU1338142,40HQ,4000,PCTC,평택,내항,2024-06-04,2024-06-09,47000,전화 요망
EMCU7653539,40FT,3900,ICT,인천,내항,2024-06-02,2024-06-06,45000,확정 이후 연락
EMCU9260077,20FT,2200,BPTG,부산,내항,2024-06-02,2024-06-07,40000,확정 이후 연락
ONEU5004931,20FT,2400,JUCT,울산,내항,2024-06-02,2024-06-05,50000,전화 요망
MSCU4281935,20FT,2200,BNCT,부산,외항,2024-06-03,2024-06-08,50000,확정 이후 연락
EMCU6416202,20FT,2500,BNCT,부산,외항,2024-06-04,2024-06-07,40000,전화 요망
TRIU2321222,20FT,2200,ICT,인천,내항,2024-06-02,2024-06-05,45000,확정 이후 연락
FSCU4396416,40FT,4000,ICT,인천,내항,2024-06-06,2024-06-10,47000,전화 요망
OOLU8348471,20FT,2100,HBCT,부산,내항,2024-06-01,2024-06-05,42000,확정 이후 연락
FSCU2915632,40FT,3600,E1CT,인천,내항,2024-06-07,2024-06-11,50000,빠른 픽업 가능
MAEU3668272,40HQ,3900,PCTC,평택,내항,2024-06-03,2024-06-06,45000,빠른 픽업 가능
MAEU7505358,20FT,2100,PNC,부산,외항,2024-06-01,2024-06-04,40000,빠른 픽업 가능
ONEU2735259,40HQ,4100,ICT,인천,내항,2024-06-05,2024-06-10,50000,확정 이후 연락
TCLU2816936,40HQ,4000,BPTS,부산,내항,2024-06-05,2024-06-08,47000,전화 요망
FSCU8595377,40HQ,3900,KIT,광양,내항,2024-06-06,2024-06-11,42000,전화 요망
OOLU9151126,40FT,3900,ICT,인천,내항,2024-06-02,2024-06-07,40000,확정 이후 연락
HMMU5628587,40HQ,4100,BPTS,부산,내항,2024-06-05,2024-06-10,40000,확정 이후 연락
YMLU2632589,20FT,2500,BPTG,부산,내항,2024-06-04,2024-06-09,45000,전화 요망
TCLU8624284,40HQ,4100,GWCT,광양,내항,2024-06-02,2024-06-06,42000,확정 이후 연락
CMAU1679242,40FT,4000,ICT,인천,내항,2024-06-04,2024-06-09,42000,확정 이후 연락
YMLU4570584,40FT,4000,BPTG,부산,내항,2024-06-04,2024-06-09,50000,확정 이후 연락
MSCU8101117,40FT,3800,BCT,부산,외항,2024-06-01,2024-06-06,47000,확정 이후 연락
TCLU6631155,40FT,3600,HBCT,부산,내항,2024-06-03,2024-06-08,47000,빠른 픽업 가능
EMCU3450332,20FT,2100,PNC,부산,외항,2024-06-05,2024-06-08,45000,빠른 픽업 가능
OOLU9624656,40FT,3600,PCTC,평택,내항,2024-06-02,2024-06-06,45000,확정 이후 연락
ONEU5936138,40FT,3700,PNCT,평택,내항,2024-06-06,2024-06-10,50000,전화 요망
TRIU5657026,40HQ,4200,PCTC,평택,내항,2024-06-02,2024-06-05,45000,전화 요망
YMLU3224661,20FT,2100,DGT,부산,외항,2024-06-01,2024-06-05,45000,빠른 픽업 가능
MAEU6730922,40FT,3900,PNCT,평택,내항,2024-06-02,2024-06-06,40000,전화 요망
TCLU5901115,40HQ,3900,DGT,부산,외항,2024-06-04,2024-06-07,40000,빠른 픽업 가능
HMMU3169115,40HQ,3900,HJIT,인천,외항,2024-06-03,2024-06-07,45000,빠른 픽업 가능
ONEU2125746,20FT,2300,ICT,인천,내항,2024-06-06,2024-06-11,40000,전화 요망
FSCU4595716,20FT,2200,BPTG,부산,내항,2024-06-04,2024-06-08,42000,전화 요망
FSCU3806349,40FT,4000,BPTG,부산,내항,2024-06-01,2024-06-04,45000,확정 이후 연락
MAEU2397849,20FT,2400,E1CT,인천,내항,2024-06-07,2024-06-12,40000,빠른 픽업 가능
TCLU9298560,20FT,2500,PCTC,평택,내항,2024-06-04,2024-06-08,42000,확정 이후 연락
MAEU9182760,40HQ,3800,HBCT,부산,내항,2024-06-07,2024-06-10,42000,빠른 픽업 가능
CMAU5050273,40HQ,4000,HBCT,부산,내항,2024-06-03,2024-06-06,47000,빠른 픽업 가능
HMMU3594755,40FT,3700,PNIT,부산,외항,2024-06-02,2024-06-05,40000,확정 이후 연락
FSCU1733641,20FT,2500,IGCT,군산,내항,2024-06-02,2024-06-05,47000,빠른 픽업 가능
YMLU4685027,40HQ,4200,GWCT,광양,내항,2024-06-03,2024-06-08,45000,전화 요망
EMCU1056572,20FT,2200,SNCT,인천,외항,2024-06-02,2024-06-07,47000,빠른 픽업 가능
YMLU3608283,40FT,3800,PCTC,평택,내항,2024-06-01,2024-06-04,40000,빠른 픽업 가능
YMLU5982438,40HQ,4200,PCTC,평택,내항,2024-06-06,2024-06-10,45000,확정 이후 연락
FSCU1908876,40FT,3600,E1CT,인천,내항,2024-06-06,2024-06-11,50000,전화 요망
TCLU9634667,40HQ,3900,E1CT,인천,내항,2024-06-06,2024-06-09,45000,전화 요망
MSCU1232206,40HQ,3800,PNC,부산,외항,2024-06-03,2024-06-08,42000,확정 이후 연락
OOLU9239246,40HQ,4200,DGT,부산,외항,2024-06-07,2024-06-12,50000,빠른 픽업 가능
HMMU1440036,40HQ,3900,PNCT,평택,내항,2024-06-02,2024-06-05,40000,확정 이후 연락
TRIU2842137,40FT,3800,UNCT,울산,내항,2024-06-05,2024-06-09,40000,빠른 픽업 가능
TRIU8944469,40FT,3900,DGT,부산,외항,2024-06-04,2024-06-09,42000,빠른 픽업 가능
OOLU4391873,20FT,2100,PNIT,부산,외항,2024-06-05,2024-06-08,45000,전화 요망
MAEU7593320,20FT,2300,BCT,부산,외항,2024-06-04,2024-06-07,40000,전화 요망
MSCU3367514,40HQ,4100,IGCT,군산,내항,2024-06-06,2024-06-11,47000,확정 이후 연락
OOLU1722809,40FT,3800,PNC,부산,외항,2024-06-01,2024-06-05,50000,전화 요망
TCLU1678036,40HQ,3800,PNC,부산,외항,2024-06-01,2024-06-05,42000,확정 이후 연락
CMAU6308487,40FT,3700,BCT,부산,외항,2024-06-04,2024-06-09,40000,전화 요망
CMAU8814865,40FT,3700,IFT,인천,내항,2024-06-07,2024-06-10,47000,빠른 픽업 가능
MAEU9019897,40HQ,3800,IGCT,군산,내항,2024-06-02,2024-06-05,40000,전화 요망
OOLU9853592,40FT,3800,BCT,부산,외항,2024-06-04,2024-06-07,50000,확정 이후 연락
MAEU7630078,20FT,2200,PNCT,평택,내항,2024-06-06,2024-06-10,45000,전화 요망
OOLU5487323,40FT,3900,PNCT,평택,내항,2024-06-04,2024-06-09,47000,확정 이후 연락
OOLU3666891,40FT,3700,BPTG,부산,내항,2024-06-02,2024-06-07,40000,전화 요망
TRIU7892755,40HQ,4200,BNCT,부산,외항,2024-06-03,2024-06-06,42000,전화 요망
ONEU9946597,40HQ,4000,TOC,부산,내항,2024-06-05,2024-06-08,50000,확정 이후 연락
MAEU4243979,20FT,2300,PNIT,부산,외항,2024-06-02,2024-06-06,47000,빠른 픽업 가능
ONEU1583264,40FT,3900,IFT,인천,내항,2024-06-01,2024-06-06,45000,빠른 픽업 가능
ONEU4942463,40HQ,3900,BPTS,부산,내항,2024-06-01,2024-06-05,50000,빠른 픽업 가능
EMCU9944785,20FT,2200,IFT,인천,내항,2024-06-01,2024-06-06,50000,확정 이후 연락
OOLU6667807,40FT,3800,IFT,인천,내항,2024-06-04,2024-06-07,47000,전화 요망
EMCU9139211,40FT,3800,IFT,인천,내항,2024-06-07,2024-06-11,47000,빠른 픽업 가능
YMLU8049174,40HQ,4000,TOC,부산,내항,2024-06-05,2024-06-09,47000,전화 요망
ONEU4723048,40FT,3700,BCT,부산,외항,2024-06-02,2024-06-05,45000,빠른 픽업 가능
FSCU6027843,20FT,2400,JUCT,울산,내항,2024-06-01,2024-06-06,50000,전화 요망
CMAU5487524,40FT,3900,UNCT,울산,내항,2024-06-06,2024-06-11,47000,전화 요망
TRIU2698021,40FT,4000,BPTG,부산,내항,2024-06-06,2024-06-09,45000,확정 이후 연락
MAEU5852175,40HQ,4200,KIT,광양,내항,2024-06-07,2024-06-11,47000,전화 요망
EMCU4627465,40HQ,4200,PNC,부산,외항,2024-06-01,2024-06-06,50000,확정 이후 연락
FSCU9820790,40FT,3800,PCTC,평택,내항,2024-06-06,2024-06-09,50000,전화 요망
MSCU5207504,20FT,2200,UNCT,울산,내항,2024-06-02,2024-06-07,50000,빠른 픽업 가능
OOLU3057528,40FT,3600,BCT,부산,외항,2024-06-02,2024-06-05,47000,전화 요망
EMCU6364477,40HQ,3800,SNCT,인천,외항,2024-06-01,2024-06-06,47000,빠른 픽업 가능
MSCU4449775,20FT,2500,BNCT,부산,외항,2024-06-06,2024-06-09,42000,전화 요망
TRIU6409469,20FT,2400,ICT,인천,내항,2024-06-06,2024-06-10,45000,확정 이후 연락
YMLU9526128,40HQ,4100,GWCT,광양,내항,2024-06-06,2024-06-11,40000,전화 요망
ONEU7341969,20FT,2300,PNCT,평택,내항,2024-06-07,2024-06-10,47000,빠른 픽업 가능
TCLU1904515,20FT,2500,DGT,부산,외항,2024-06-03,2024-06-07,42000,확정 이후 연락
YMLU8163226,20FT,2200,KIT,광양,내항,2024-06-06,2024-06-09,45000,전화 요망
TRIU9104279,40HQ,3800,GWCT,광양,내항,2024-06-03,2024-06-07,47000,전화 요망
MAEU2547432,40HQ,4000,BNCT,부산,외항,2024-06-04,2024-06-09,42000,빠른 픽업 가능
ONEU4673976,40HQ,4200,PNIT,부산,외항,2024-06-07,2024-06-11,45000,전화 요망
MAEU2384030,40FT,3800,UNCT,울산,내항,2024-06-01,2024-06-05,47000,확정 이후 연락
HMMU8288195,40FT,3600,PNIT,부산,외항,2024-06-03,2024-06-08,40000,전화 요망
EMCU4250406,40FT,3600,GWCT,광양,내항,2024-06-06,2024-06-09,47000,전화 요망
TCLU9103964,40HQ,4100,KIT,광양,내항,2024-06-07,2024-06-12,42000,확정 이후 연락
EMCU8885009,40FT,4000,KIT,광양,내항,2024-06-04,2024-06-09,40000,전화 요망
ONEU6750727,40FT,3900,BCT,부산,외항,2024-06-05,2024-06-10,42000,확정 이후 연락
YMLU7693182,20FT,2500,BPTG,부산,내항,2024-06-03,2024-06-06,50000,빠른 픽업 가능
TCLU3382877,20FT,2400,BNCT,부산,외항,2024-06-02,2024-06-06,47000,빠른 픽업 가능
MSCU1737798,40HQ,4200,IGCT,군산,내항,2024-06-07,2024-06-11,40000,확정 이후 연락
EMCU8322078,40FT,3700,SNCT,인천,외항,2024-06-04,2024-06-07,47000,전화 요망
HMMU4251036,20FT,2400,BPTS,부산,내항,2024-06-04,2024-06-08,45000,확정 이후 연락
MAEU1009853,20FT,2100,KIT,광양,내항,2024-06-07,2024-06-10,42000,빠른 픽업 가능
CMAU3098042,40FT,3600,BCT,부산,외항,2024-06-05,2024-06-09,40000,확정 이후 연락
CMAU8056786,20FT,2100,BPTG,부산,내항,2024-06-04,2024-06-09,50000,확정 이후 연락
FSCU1597834,20FT,2500,BCT,부산,외항,2024-06-07,2024-06-12,42000,확정 이후 연락
FSCU5536270,40FT,3700,BCT,부산,외항,2024-06-07,2024-06-12,47000,빠른 픽업 가능
TRIU4824050,20FT,2100,JUCT,울산,내항,2024-06-06,2024-06-11,47000,빠른 픽업 가능
FSCU1017483,40FT,3600,GWCT,광양,내항,2024-06-07,2024-06-12,42000,빠른 픽업 가능
YMLU1193131,20FT,2400,ICT,인천,내항,2024-06-05,2024-06-10,45000,확정 이후 연락
YMLU6293395,20FT,2200,E1CT,인천,내항,2024-06-03,2024-06-06,50000,전화 요망
OOLU5733757,40FT,3700,UNCT,울산,내항,2024-06-03,2024-06-06,45000,확정 이후 연락
EMCU5191219,40FT,3700,UNCT,울산,내항,2024-06-01,2024-06-05,42000,빠른 픽업 가능
MAEU1813822,20FT,2400,PNIT,부산,외항,2024-06-02,2024-06-05,40000,빠른 픽업 가능
MSCU7659249,40FT,4000,DGT,부산,외항,2024-06-06,2024-06-11,42000,전화 요망
TRIU7555333,40FT,3600,TOC,부산,내항,2024-06-06,2024-06-09,50000,전화 요망
MAEU4527082,40HQ,4100,PNIT,부산,외항,2024-06-02,2024-06-07,45000,확정 이후 연락
TCLU4859838,40FT,3700,BNCT,부산,외항,2024-06-06,2024-06-10,40000,전화 요망
ONEU3304911,40FT,3700,IFT,인천,내항,2024-06-06,2024-06-09,42000,전화 요망
TCLU2873447,40HQ,3800,HBCT,부산,내항,2024-06-01,2024-06-06,42000,확정 이후 연락
MSCU1754689,20FT,2200,BNCT,부산,외항,2024-06-05,2024-06-09,45000,빠른 픽업 가능
HMMU6618515,40HQ,3900,HBCT,부산,내항,2024-06-05,2024-06-09,47000,확정 이후 연락
TRIU6018478,20FT,2200,IFT,인천,내항,2024-06-05,2024-06-08,40000,빠른 픽업 가능
YMLU1100040,40HQ,3900,BPTS,부산,내항,2024-06-04,2024-06-07,45000,확정 이후 연락
ONEU2903184,40HQ,4200,TOC,부산,내항,2024-06-02,2024-06-06,45000,전화 요망
YMLU3819520,40FT,4000,PNCT,평택,내항,2024-06-05,2024-06-08,47000,확정 이후 연락
OOLU6111500,40HQ,3900,IFT,인천,내항,2024-06-04,2024-06-07,45000,확정 이후 연락
MAEU8603619,20FT,2500,KIT,광양,내항,2024-06-02,2024-06-06,42000,확정 이후 연락
HMMU7191547,40HQ,3800,ICT,인천,내항,2024-06-04,2024-06-07,50000,빠른 픽업 가능
ONEU6441615,20FT,2300,PNIT,부산,외항,2024-06-03,2024-06-06,47000,빠른 픽업 가능
EMCU1333322,40HQ,4200,IGCT,군산,내항,2024-06-01,2024-06-05,40000,빠른 픽업 가능
EMCU7937313,40HQ,3800,PNIT,부산,외항,2024-06-06,2024-06-10,47000,확정 이후 연락
TRIU5162267,40HQ,4100,TOC,부산,내항,2024-06-01,2024-06-06,40000,빠른 픽업 가능
OOLU3586093,40HQ,4000,UNCT,울산,내항,2024-06-05,2024-06-09,40000,확정 이후 연락
EMCU6635080,20FT,2400,PNC,부산,외항,2024-06-04,2024-06-08,45000,확정 이후 연락
OOLU5223085,40HQ,3800,TOC,부산,내항,2024-06-03,2024-06-06,45000,전화 요망
YMLU5069900,20FT,2100,IGCT,군산,내항,2024-06-04,2024-06-08,45000,확정 이후 연락
MSCU3968051,20FT,2200,IFT,인천,내항,2024-06-02,2024-06-06,50000,확정 이후 연락
TCLU8544916,40HQ,3800,BPTG,부산,내항,2024-06-03,2024-06-06,40000,빠른 픽업 가능
TRIU9688441,20FT,2200,PCTC,평택,내항,2024-06-05,2024-06-10,42000,빠른 픽업 가능
MAEU8055152,20FT,2200,KIT,광양,내항,2024-06-05,2024-06-10,42000,확정 이후 연락
HMMU1010488,20FT,2400,UNCT,울산,내항,2024-06-07,2024-06-10,42000,확정 이후 연락
EMCU3000343,40HQ,3800,TOC,부산,내항,2024-06-02,2024-06-06,40000,확정 이후 연락
MSCU3539465,40FT,4000,TOC,부산,내항,2024-06-07,2024-06-10,50000,전화 요망
MAEU6342105,40FT,3700,PCTC,평택,내항,2024-06-06,2024-06-10,45000,확정 이후 연락
TCLU3983421,40HQ,3800,E1CT,인천,내항,2024-06-02,2024-06-06,42000,빠른 픽업 가능
YMLU9990475,40FT,3700,PNIT,부산,외항,2024-06-01,2024-06-04,50000,전화 요망
FSCU1299160,40FT,3600,PCTC,평택,내항,2024-06-04,2024-06-08,40000,확정 이후 연락
FSCU1296688,40HQ,3800,IGCT,군산,내항,2024-06-05,2024-06-08,50000,확정 이후 연락
CMAU4199413,20FT,2500,GWCT,광양,내항,2024-06-04,2024-06-09,45000,확정 이후 연락
YMLU5407452,20FT,2300,PNC,부산,외항,2024-06-03,2024-06-06,47000,빠른 픽업 가능
EMCU1493545,20FT,2300,BNCT,부산,외항,2024-06-06,2024-06-11,50000,빠른 픽업 가능
ONEU7437285,20FT,2400,HBCT,부산,내항,2024-06-03,2024-06-07,40000,확정 이후 연락
YMLU6521289,40HQ,3800,PCTC,평택,내항,2024-06-07,2024-06-12,47000,확정 이후 연락
TCLU7201236,40FT,3900,ICT,인천,내항,2024-06-05,2024-06-09,45000,확정 이후 연락
CMAU2597103,40FT,3900,BCT,부산,외항,2024-06-04,2024-06-08,47000,전화 요망
YMLU1624661,20FT,2200,JUCT,울산,내항,2024-06-02,2024-06-07,40000,빠른 픽업 가능
HMMU1164835,40HQ,3900,TOC,부산,내항,2024-06-05,2024-06-08,47000,빠른 픽업 가능
OOLU4018347,40FT,4000,HJIT,인천,외항,2024-06-06,2024-06-10,45000,전화 요망
HMMU4074868,40FT,4000,ICT,인천,내항,2024-06-03,2024-06-08,47000,전화 요망
TCLU4559270,20FT,2500,ICT,인천,내항,2024-06-05,2024-06-10,47000,빠른 픽업 가능
YMLU8845368,40HQ,3800,DGT,부산,외항,2024-06-03,2024-06-07,42000,확정 이후 연락
OOLU3471163,40HQ,3900,GWCT,광양,내항,2024-06-06,2024-06-11,42000,빠른 픽업 가능
HMMU3656288,20FT,2300,SNCT,인천,외항,2024-06-07,2024-06-10,47000,빠른 픽업 가능
OOLU4176878,20FT,2200,BPTS,부산,내항,2024-06-05,2024-06-10,40000,빠른 픽업 가능
MSCU3134999,20FT,2100,DGT,부산,외항,2024-06-03,2024-06-07,42000,전화 요망
TRIU3214354,40FT,3900,JUCT,울산,내항,2024-06-01,2024-06-04,40000,확정 이후 연락
TCLU2628888,40HQ,4200,SNCT,인천,외항,2024-06-02,2024-06-06,45000,전화 요망
EMCU6960778,40HQ,4100,PNCT,평택,내항,2024-06-07,2024-06-10,47000,전화 요망
MSCU5263912,20FT,2300,BCT,부산,외항,2024-06-04,2024-06-09,42000,확정 이후 연락
MAEU7784389,40FT,4000,SNCT,인천,외항,2024-06-03,2024-06-08,40000,전화 요망
YMLU6952462,40HQ,3900,E1CT,인천,내항,2024-06-06,2024-06-09,45000,전화 요망
TRIU8853157,20FT,2100,BNCT,부산,외항,2024-06-06,2024-06-11,47000,전화 요망
TRIU8093090,40HQ,4000,IGCT,군산,내항,2024-06-05,2024-06-10,47000,확정 이후 연락
EMCU9353849,40HQ,4100,IGCT,군산,내항,2024-06-02,2024-06-06,40000,전화 요망
EMCU4848082,40FT,4000,HBCT,부산,내항,2024-06-07,2024-06-11,42000,전화 요망
OOLU7036934,20FT,2400,GWCT,광양,내항,2024-06-06,2024-06-11,50000,확정 이후 연락
MAEU2575628,40FT,4000,PNIT,부산,외항,2024-06-06,2024-06-11,47000,전화 요망
TRIU6500853,40HQ,4200,TOC,부산,내항,2024-06-06,2024-06-10,42000,전화 요망
FSCU6771146,40FT,3900,IGCT,군산,내항,2024-06-04,2024-06-09,40000,확정 이후 연락
MSCU6199470,40FT,3900,BCT,부산,외항,2024-06-03,2024-06-06,42000,빠른 픽업 가능
CMAU2197502,20FT,2100,BNCT,부산,외항,2024-06-01,2024-06-06,40000,확정 이후 연락
FSCU2754599,40FT,4000,PNC,부산,외항,2024-06-02,2024-06-07,45000,확정 이후 연락
OOLU8609955,40FT,3800,PNCT,평택,내항,2024-06-06,2024-06-10,42000,전화 요망
HMMU9403620,40HQ,4100,JUCT,울산,내항,2024-06-05,2024-06-09,47000,확정 이후 연락
TCLU4698048,20FT,2200,BPTS,부산,내항,2024-06-05,2024-06-10,47000,빠른 픽업 가능
CMAU1665451,40FT,3900,IGCT,군산,내항,2024-06-02,2024-06-05,40000,확정 이후 연락
HMMU8501111,20FT,2200,BNCT,부산,외항,2024-06-02,2024-06-05,42000,전화 요망
EMCU5881755,20FT,2300,KIT,광양,내항,2024-06-03,2024-06-06,45000,확정 이후 연락
MAEU1974774,40FT,3800,JUCT,울산,내항,2024-06-06,2024-06-10,42000,빠른 픽업 가능
MSCU4769981,20FT,2500,PCTC,평택,내항,2024-06-01,2024-06-06,45000,확정 이후 연락
EMCU1795998,40FT,3700,JUCT,울산,내항,2024-06-04,2024-06-09,42000,빠른 픽업 가능
TRIU7636989,40FT,3700,DGT,부산,외항,2024-06-04,2024-06-09,45000,빠른 픽업 가능
MSCU4083087,40HQ,4200,GWCT,광양,내항,2024-06-01,2024-06-06,42000,확정 이후 연락
FSCU6703555,20FT,2500,IGCT,군산,내항,2024-06-05,2024-06-09,47000,빠른 픽업 가능
MSCU7197347,40HQ,3800,UNCT,울산,내항,2024-06-01,2024-06-06,50000,확정 이후 연락
OOLU6882324,40FT,3800,IFT,인천,내항,2024-06-07,2024-06-11,42000,빠른 픽업 가능
YMLU5565200,20FT,2200,BNCT,부산,외항,2024-06-03,2024-06-08,42000,빠른 픽업 가능
HMMU4897790,40FT,3900,KIT,광양,내항,2024-06-05,2024-06-09,47000,전화 요망
TRIU2313066,40FT,3800,ICT,인천,내항,2024-06-02,2024-06-06,42000,전화 요망
YMLU4114439,40HQ,4100,KIT,광양,내항,2024-06-01,2024-06-06,47000,확정 이후 연락
ONEU1627542,40HQ,4000,BNCT,부산,외항,2024-06-03,2024-06-06,42000,확정 이후 연락
EMCU9909942,40FT,4000,BCT,부산,외항,2024-06-05,2024-06-10,50000,전화 요망
YMLU5118433,40FT,4000,PCTC,평택,내항,2024-06-07,2024-06-10,50000,전화 요망
ONEU2430912,20FT,2500,E1CT,인천,내항,2024-06-01,2024-06-05,47000,빠른 픽업 가능
MAEU9437205,40FT,3700,PNCT,평택,내항,2024-06-07,2024-06-12,47000,전화 요망
MAEU9799925,40HQ,4200,BCT,부산,외항,2024-06-06,2024-06-11,45000,빠른 픽업 가능
FSCU3250860,40FT,3900,PNC,부산,외항,2024-06-04,2024-06-08,47000,전화 요망
HMMU9675687,40FT,3700,TOC,부산,내항,2024-06-01,2024-06-05,42000,전화 요망
MAEU6784850,20FT,2300,DGT,부산,외항,2024-06-05,2024-06-09,50000,빠른 픽업 가능
MSCU6258186,20FT,2200,UNCT,울산,내항,2024-06-03,2024-06-08,50000,확정 이후 연락
MAEU5163892,20FT,2500,DGT,부산,외항,2024-06-01,2024-06-04,50000,빠른 픽업 가능
HMMU7214456,40HQ,4000,TOC,부산,내항,2024-06-07,2024-06-12,45000,확정 이후 연락
HMMU9031273,40HQ,4200,KIT,광양,내항,2024-06-04,2024-06-07,50000,전화 요망
MAEU4618453,40FT,3900,IFT,인천,내항,2024-06-01,2024-06-04,40000,전화 요망
MSCU6191184,20FT,2500,ICT,인천,내항,2024-06-07,2024-06-12,50000,확정 이후 연락
TCLU8107380,20FT,2400,TOC,부산,내항,2024-06-03,2024-06-07,42000,빠른 픽업 가능
FSCU1059248,20FT,2400,BNCT,부산,외항,2024-06-06,2024-06-11,50000,빠른 픽업 가능
TRIU5516331,40FT,3600,TOC,부산,내항,2024-06-05,2024-06-08,47000,확정 이후 연락
TRIU9738440,40FT,3600,IFT,인천,내항,2024-06-01,2024-06-06,45000,전화 요망
MAEU3363108,20FT,2500,PCTC,평택,내항,2024-06-03,2024-06-08,40000,전화 요망
HMMU4252277,20FT,2100,PNCT,평택,내항,2024-06-07,2024-06-10,45000,전화 요망
EMCU2382033,20FT,2400,IGCT,군산,내항,2024-06-02,2024-06-05,40000,빠른 픽업 가능
FSCU7624914,20FT,2400,PCTC,평택,내항,2024-06-04,2024-06-09,50000,전화 요망
MSCU3576497,40HQ,4000,KIT,광양,내항,2024-06-02,2024-06-05,47000,빠른 픽업 가능
